Email Text;Label
Dapatkan diskon besar dengan klik ini;Spam
Meeting pada 2 Desember jam 10 AM;Non-Spam
Klik untuk aktivasi akun Anda;Spam
Apa kabar? Sudah lama tidak ngobrol;Non-Spam
Belanja hari ini dan dapatkan bonus;Spam
Dapatkan diskon besar dengan klik ini;Spam
Meeting pada 2 Desember jam 10 AM;Non-Spam
Klik untuk aktivasi akun Anda;Spam
Apa kabar? Sudah lama tidak ngobrol;Non-Spam
Belanja hari ini dan dapatkan bonus;Spam
Dapatkan diskon besar dengan klik ini;Spam
Meeting pada 2 Desember jam 10 AM;Non-Spam
Klik untuk aktivasi akun Anda;Spam
Apa kabar? Sudah lama tidak ngobrol;Non-Spam
Belanja hari ini dan dapatkan bonus;Spam
Dapatkan diskon besar dengan klik ini;Spam
Meeting pada 2 Desember jam 10 AM;Non-Spam
Klik untuk aktivasi akun Anda;Spam
Apa kabar? Sudah lama tidak ngobrol;Non-Spam
Belanja hari ini dan dapatkan bonus;Spam
Dapatkan diskon besar dengan klik ini;Spam
Meeting pada 2 Desember jam 10 AM;Non-Spam
Klik untuk aktivasi akun Anda;Spam
Apa kabar? Sudah lama tidak ngobrol;Non-Spam
Belanja hari ini dan dapatkan bonus;Spam
Dapatkan diskon besar dengan klik ini;Spam
Meeting pada 2 Desember jam 10 AM;Non-Spam
Klik untuk aktivasi akun Anda;Spam
Apa kabar? Sudah lama tidak ngobrol;Non-Spam
Belanja hari ini dan dapatkan bonus;Spam
Dapatkan diskon besar dengan klik ini;Spam
Meeting pada 2 Desember jam 10 AM;Non-Spam
Klik untuk aktivasi akun Anda;Spam
Apa kabar? Sudah lama tidak ngobrol;Non-Spam
Belanja hari ini dan dapatkan bonus;Spam
Dapatkan diskon besar dengan klik ini;Spam
Meeting pada 2 Desember jam 10 AM;Non-Spam
Klik untuk aktivasi akun Anda;Spam
Apa kabar? Sudah lama tidak ngobrol;Non-Spam
Belanja hari ini dan dapatkan bonus;Spam
Dapatkan diskon besar dengan klik ini;Spam
Meeting pada 2 Desember jam 10 AM;Non-Spam
Klik untuk aktivasi akun Anda;Spam
Apa kabar? Sudah lama tidak ngobrol;Non-Spam
Belanja hari ini dan dapatkan bonus;Spam
Dapatkan diskon besar dengan klik ini;Spam
Meeting pada 2 Desember jam 10 AM;Non-Spam
Klik untuk aktivasi akun Anda;Spam
Apa kabar? Sudah lama tidak ngobrol;Non-Spam
Belanja hari ini dan dapatkan bonus;Spam
Dapatkan diskon besar dengan klik ini;Spam
Meeting pada 2 Desember jam 10 AM;Non-Spam
Klik untuk aktivasi akun Anda;Spam
Apa kabar? Sudah lama tidak ngobrol;Non-Spam
Belanja hari ini dan dapatkan bonus;Spam
Dapatkan diskon besar dengan klik ini;Spam
Meeting pada 2 Desember jam 10 AM;Non-Spam
Klik untuk aktivasi akun Anda;Spam
Apa kabar? Sudah lama tidak ngobrol;Non-Spam
Belanja hari ini dan dapatkan bonus;Spam
Dapatkan diskon besar dengan klik ini;Spam
Meeting pada 2 Desember jam 10 AM;Non-Spam
Klik untuk aktivasi akun Anda;Spam
Apa kabar? Sudah lama tidak ngobrol;Non-Spam
Belanja hari ini dan dapatkan bonus;Spam
Dapatkan diskon besar dengan klik ini;Spam
Meeting pada 2 Desember jam 10 AM;Non-Spam
Klik untuk aktivasi akun Anda;Spam
Apa kabar? Sudah lama tidak ngobrol;Non-Spam
Belanja hari ini dan dapatkan bonus;Spam
Dapatkan diskon besar dengan klik ini;Spam
Meeting pada 2 Desember jam 10 AM;Non-Spam
Klik untuk aktivasi akun Anda;Spam
Apa kabar? Sudah lama tidak ngobrol;Non-Spam
Belanja hari ini dan dapatkan bonus;Spam
Dapatkan diskon besar dengan klik ini;Spam
Meeting pada 2 Desember jam 10 AM;Non-Spam
Klik untuk aktivasi akun Anda;Spam
Apa kabar? Sudah lama tidak ngobrol;Non-Spam
Belanja hari ini dan dapatkan bonus;Spam
Dapatkan diskon besar dengan klik ini;Spam
Meeting pada 2 Desember jam 10 AM;Non-Spam
Klik untuk aktivasi akun Anda;Spam
Apa kabar? Sudah lama tidak ngobrol;Non-Spam
Belanja hari ini dan dapatkan bonus;Spam
Dapatkan diskon besar dengan klik ini;Spam
Meeting pada 2 Desember jam 10 AM;Non-Spam
Klik untuk aktivasi akun Anda;Spam
Apa kabar? Sudah lama tidak ngobrol;Non-Spam
Belanja hari ini dan dapatkan bonus;Spam
Dapatkan diskon besar dengan klik ini;Spam
Meeting pada 2 Desember jam 10 AM;Non-Spam
Klik untuk aktivasi akun Anda;Spam
Apa kabar? Sudah lama tidak ngobrol;Non-Spam
Belanja hari ini dan dapatkan bonus;Spam
Dapatkan diskon besar dengan klik ini;Spam
Meeting pada 2 Desember jam 10 AM;Non-Spam
Klik untuk aktivasi akun Anda;Spam
Apa kabar? Sudah lama tidak ngobrol;Non-Spam
Belanja hari ini dan dapatkan bonus;Spam
Ada update penting terkait project, mohon dibaca.;Spam
Ada update penting terkait project, mohon dibaca.;Non-Spam
Tingkatkan limit kartu kredit Anda dengan klik di sini.;Non-Spam
Ada update penting terkait project, mohon dibaca.;Spam
Undangan rapat internal di kantor pukul 14:00 WIB.;Spam
Tingkatkan limit kartu kredit Anda dengan klik di sini.;Spam
Kami menawarkan peluang investasi terbaik untuk Anda.;Non-Spam
Hadiri acara peluncuran produk terbaru kami besok.;Non-Spam
Hasil tes kesehatan Anda sudah tersedia di sistem.;Spam
Anda diundang untuk menghadiri webinar gratis tentang teknologi AI.;Spam
Jangan lewatkan diskon besar-besaran minggu ini!;Non-Spam
Aktifkan asuransi kesehatan Anda sekarang juga.;Spam
Hasil tes kesehatan Anda sudah tersedia di sistem.;Non-Spam
Meeting penting besok pukul 09:00 WIB, mohon hadir.;Spam
Hasil tes kesehatan Anda sudah tersedia di sistem.;Non-Spam
Selamat! Anda terpilih mendapatkan hadiah utama.;Non-Spam
Invoice pembayaran sudah dikirim, harap dicek.;Non-Spam
Anda diundang untuk menghadiri webinar gratis tentang teknologi AI.;Non-Spam
Anda diundang untuk menghadiri webinar gratis tentang teknologi AI.;Non-Spam
Meeting penting besok pukul 09:00 WIB, mohon hadir.;Spam
Transfer uang ke rekening ini untuk menghindari masalah.;Spam
Nikmati perjalanan murah ke destinasi impian Anda!;Non-Spam
Transfer uang ke rekening ini untuk menghindari masalah.;Non-Spam
Peringatan: Aktivitas mencurigakan terdeteksi di akun Anda.;Non-Spam
Hadiri acara peluncuran produk terbaru kami besok.;Spam
Ada lowongan kerja menarik di perusahaan kami, cek detailnya.;Non-Spam
Peringatan: Aktivitas mencurigakan terdeteksi di akun Anda.;Non-Spam
Klik link ini untuk memenangkan hadiah besar!;Non-Spam
Transfer uang ke rekening ini untuk menghindari masalah.;Spam
Jangan lewatkan obral besar akhir tahun dari kami.;Spam
Klik link ini untuk memenangkan hadiah besar!;Non-Spam
Jangan lewatkan obral besar akhir tahun dari kami.;Spam
Peringatan: Aktivitas mencurigakan terdeteksi di akun Anda.;Non-Spam
Apa kabar? Sudah lama kita tidak bertemu.;Spam
Aktifkan asuransi kesehatan Anda sekarang juga.;Non-Spam
Transfer uang ke rekening ini untuk menghindari masalah.;Non-Spam
Ada update penting terkait project, mohon dibaca.;Non-Spam
Meeting penting besok pukul 09:00 WIB, mohon hadir.;Spam
Undangan rapat internal di kantor pukul 14:00 WIB.;Non-Spam
Undangan rapat internal di kantor pukul 14:00 WIB.;Non-Spam
Hadiri acara peluncuran produk terbaru kami besok.;Non-Spam
Meeting penting besok pukul 09:00 WIB, mohon hadir.;Non-Spam
Nikmati perjalanan murah ke destinasi impian Anda!;Non-Spam
Ada update penting terkait project, mohon dibaca.;Spam
Nikmati perjalanan murah ke destinasi impian Anda!;Non-Spam
Kami menawarkan peluang investasi terbaik untuk Anda.;Non-Spam
Jangan lewatkan diskon besar-besaran minggu ini!;Spam
Anda diundang untuk menghadiri webinar gratis tentang teknologi AI.;Non-Spam
Ada lowongan kerja menarik di perusahaan kami, cek detailnya.;Spam
Anda diundang untuk menghadiri webinar gratis tentang teknologi AI.;Non-Spam
Ada update penting terkait project, mohon dibaca.;Non-Spam
Jangan lewatkan obral besar akhir tahun dari kami.;Non-Spam
Klik link ini untuk memenangkan hadiah besar!;Spam
Tingkatkan limit kartu kredit Anda dengan klik di sini.;Non-Spam
Anda diundang untuk menghadiri webinar gratis tentang teknologi AI.;Non-Spam
Apa kabar? Sudah lama kita tidak bertemu.;Non-Spam
Invoice pembayaran sudah dikirim, harap dicek.;Spam
Undangan rapat internal di kantor pukul 14:00 WIB.;Spam
Tingkatkan limit kartu kredit Anda dengan klik di sini.;Non-Spam
Tingkatkan limit kartu kredit Anda dengan klik di sini.;Spam
Peringatan: Aktivitas mencurigakan terdeteksi di akun Anda.;Non-Spam
Selamat! Anda terpilih mendapatkan hadiah utama.;Non-Spam
Anda diundang untuk menghadiri webinar gratis tentang teknologi AI.;Spam
Peringatan: Aktivitas mencurigakan terdeteksi di akun Anda.;Non-Spam
Transfer uang ke rekening ini untuk menghindari masalah.;Non-Spam
Peringatan: Aktivitas mencurigakan terdeteksi di akun Anda.;Non-Spam
Meeting penting besok pukul 09:00 WIB, mohon hadir.;Spam
Meeting penting besok pukul 09:00 WIB, mohon hadir.;Non-Spam
Dapatkan voucher belanja eksklusif hanya hari ini.;Spam
Anda diundang untuk menghadiri webinar gratis tentang teknologi AI.;Spam
Peringatan: Aktivitas mencurigakan terdeteksi di akun Anda.;Spam
Klik link ini untuk memenangkan hadiah besar!;Spam
Invoice pembayaran sudah dikirim, harap dicek.;Spam
Jangan lewatkan diskon besar-besaran minggu ini!;Non-Spam
Kami menawarkan peluang investasi terbaik untuk Anda.;Spam
Apa kabar? Sudah lama kita tidak bertemu.;Spam
Undangan rapat internal di kantor pukul 14:00 WIB.;Non-Spam
Kami menawarkan peluang investasi terbaik untuk Anda.;Non-Spam
Undangan rapat internal di kantor pukul 14:00 WIB.;Spam
Klik link ini untuk memenangkan hadiah besar!;Spam
Tingkatkan limit kartu kredit Anda dengan klik di sini.;Non-Spam
Ada lowongan kerja menarik di perusahaan kami, cek detailnya.;Spam
Hadiri acara peluncuran produk terbaru kami besok.;Spam
Jangan lewatkan diskon besar-besaran minggu ini!;Spam
Undangan rapat internal di kantor pukul 14:00 WIB.;Spam
Undangan rapat internal di kantor pukul 14:00 WIB.;Spam
Kami menawarkan peluang investasi terbaik untuk Anda.;Spam
Hasil tes kesehatan Anda sudah tersedia di sistem.;Spam
Kami menawarkan peluang investasi terbaik untuk Anda.;Spam
Hasil tes kesehatan Anda sudah tersedia di sistem.;Spam
Hadiri acara peluncuran produk terbaru kami besok.;Non-Spam
Jangan lewatkan obral besar akhir tahun dari kami.;Spam
Peringatan: Aktivitas mencurigakan terdeteksi di akun Anda.;Non-Spam
Tingkatkan limit kartu kredit Anda dengan klik di sini.;Spam
Tingkatkan limit kartu kredit Anda dengan klik di sini.;Non-Spam
Ada lowongan kerja menarik di perusahaan kami, cek detailnya.;Non-Spam
Apa kabar? Sudah lama kita tidak bertemu.;Non-Spam
Klik link ini untuk memenangkan hadiah besar!;Spam
Invoice pembayaran sudah dikirim, harap dicek.;Spam
Jangan lewatkan obral besar akhir tahun dari kami.;Spam
